,0
0,00000004_000.png
1,00000058_000.png
2,00000059_001.png
3,00000076_000.png
4,00000083_000.png
5,00000084_000.png
6,00000086_001.png
7,00000095_000.png
8,00000100_000.png
9,00000107_000.png
10,00000115_000.png
11,00000122_000.png
12,00000123_000.png
13,00000139_001.png
14,00000141_000.png
15,00000151_000.png
16,00000201_000.png
17,00000206_000.png
18,00000210_000.png
19,00000214_000.png
20,00000218_004.png
21,00000273_004.png
22,00000287_000.png
23,00000292_000.png
24,00000298_000.png
25,00000317_000.png
26,00000318_004.png
27,00000347_000.png
28,00000370_003.png
29,00000398_000.png
30,00000429_000.png
31,00000497_000.png
32,00000536_000.png
33,00000579_000.png
34,00000603_000.png
35,00000660_000.png
36,00000727_000.png
37,00000766_000.png
38,00000773_001.png
39,00000806_000.png
40,00000825_000.png
41,00000832_008.png
42,00000856_000.png
43,00000888_001.png
44,00000900_001.png
45,00000917_000.png
46,00000918_000.png
47,00000929_001.png
48,00000955_001.png
49,00000955_002.png
50,00000967_000.png
51,00000976_001.png
52,00001054_000.png
53,00001054_002.png
54,00001055_002.png
55,00001109_000.png
56,00001140_002.png
57,00001206_007.png
58,00001206_008.png
59,00001230_003.png
60,00001252_001.png
61,00001255_006.png
62,00001260_000.png
63,00001274_000.png
64,00001280_000.png
65,00001280_003.png
66,00001282_000.png
67,00001287_000.png
68,00001305_000.png
69,00001306_000.png
70,00001316_000.png
71,00001369_000.png
72,00001396_000.png
73,00001410_002.png
74,00001416_001.png
75,00001420_000.png
76,00001433_001.png
77,00001532_000.png
78,00001558_010.png
79,00001561_001.png
80,00001567_001.png
81,00001593_000.png
82,00001622_000.png
83,00001637_003.png
84,00001676_000.png
85,00001720_000.png
86,00001755_001.png
87,00001776_000.png
88,00001882_001.png
89,00001951_011.png
90,00002052_001.png
91,00002057_000.png
92,00002072_003.png
93,00002072_008.png
94,00002072_012.png
95,00002101_000.png
96,00002184_000.png
97,00002221_000.png
98,00002226_000.png
99,00002227_002.png
100,00002253_000.png
101,00002255_000.png
102,00002310_000.png
103,00002320_002.png
104,00002382_000.png
105,00002404_000.png
106,00002431_000.png
107,00002510_002.png
108,00002543_000.png
109,00002578_000.png
110,00002589_000.png
111,00002608_002.png
112,00002629_001.png
113,00002639_003.png
114,00002720_004.png
115,00002791_000.png
116,00002807_000.png
117,00002813_000.png
118,00002840_001.png
119,00002843_012.png
120,00002846_012.png
121,00002857_000.png
122,00002863_000.png
123,00002905_000.png
124,00002983_001.png
125,00002990_000.png
126,00003002_009.png
127,00003027_000.png
128,00003137_000.png
129,00003145_000.png
130,00003206_000.png
131,00003215_000.png
132,00003217_000.png
133,00003255_000.png
134,00003262_000.png
135,00003263_000.png
136,00003281_001.png
137,00003344_000.png
138,00003354_001.png
139,00003372_000.png
140,00003383_000.png
141,00003400_003.png
142,00003426_006.png
143,00003611_003.png
144,00003634_000.png
145,00003678_000.png
146,00003738_000.png
147,00003752_001.png
148,00003821_001.png
149,00003880_001.png
150,00003916_000.png
151,00003923_005.png
152,00003923_007.png
153,00003976_000.png
154,00004060_002.png
155,00004072_000.png
156,00004094_003.png
157,00004132_010.png
158,00004132_011.png
159,00004281_003.png
160,00004358_000.png
161,00004360_006.png
162,00004360_008.png
163,00004383_000.png
164,00004395_000.png
165,00004421_000.png
166,00004438_004.png
167,00004454_000.png
168,00004465_000.png
169,00004477_000.png
170,00004477_001.png
171,00004502_000.png
172,00004512_000.png
173,00004517_005.png
174,00004518_000.png
175,00004519_000.png
176,00004519_009.png
177,00004548_000.png
178,00004566_000.png
179,00004576_001.png
180,00004582_001.png
181,00004602_000.png
182,00004612_000.png
183,00004632_000.png
184,00004640_000.png
185,00004644_002.png
186,00004664_000.png
187,00004677_000.png
188,00004693_000.png
189,00004694_000.png
190,00004695_000.png
191,00004703_000.png
192,00004709_000.png
193,00004719_000.png
194,00004720_000.png
195,00004730_000.png
196,00004750_003.png
197,00004770_000.png
198,00004771_000.png
199,00004776_000.png
200,00004784_000.png
201,00004808_003.png
202,00004826_000.png
203,00004853_000.png
204,00004872_001.png
205,00004873_000.png
206,00004877_001.png
207,00004882_001.png
208,00004925_004.png
209,00004934_000.png
210,00004940_000.png
211,00004973_000.png
212,00004974_001.png
213,00004974_004.png
214,00004985_001.png
215,00005023_000.png
216,00005027_000.png
217,00005123_000.png
218,00005158_000.png
219,00005176_005.png
220,00005210_000.png
221,00005224_000.png
222,00005365_000.png
223,00005388_004.png
224,00005394_000.png
225,00005395_002.png
226,00005416_002.png
227,00005435_000.png
228,00005445_000.png
229,00005447_000.png
230,00005460_004.png
231,00005465_001.png
232,00005479_000.png
233,00005479_001.png
234,00005480_000.png
235,00005487_000.png
236,00005496_000.png
237,00005501_000.png
238,00005502_002.png
239,00005502_014.png
240,00005510_001.png
241,00005512_003.png
242,00005519_001.png
243,00005524_002.png
244,00005528_004.png
245,00005537_000.png
246,00005555_002.png
247,00005568_000.png
248,00005577_000.png
249,00005579_000.png
250,00005591_000.png
251,00005598_000.png
252,00005622_001.png
253,00005636_000.png
254,00005655_000.png
255,00005682_001.png
256,00005693_000.png
257,00005717_000.png
258,00005719_000.png
259,00005721_004.png
260,00005722_001.png
261,00005722_002.png
262,00005723_003.png
263,00005746_010.png
264,00005746_011.png
265,00005756_008.png
266,00005766_004.png
267,00005788_000.png
268,00005794_001.png
269,00005798_003.png
270,00005813_000.png
271,00005839_001.png
272,00005853_003.png
273,00005888_000.png
274,00005895_008.png
275,00005896_001.png
276,00005907_000.png
277,00005913_003.png
278,00005934_003.png
279,00005935_000.png
280,00005935_001.png
281,00005935_004.png
282,00005935_006.png
283,00005960_000.png
284,00005966_008.png
285,00005970_003.png
286,00005977_010.png
287,00005995_001.png
288,00006000_001.png
289,00006002_000.png
290,00006015_001.png
291,00006015_002.png
292,00006015_003.png
293,00006019_000.png
294,00006024_003.png
295,00006033_002.png
296,00006074_000.png
297,00006080_000.png
298,00006084_000.png
299,00006102_002.png
300,00006109_000.png
301,00006109_001.png
302,00006117_000.png
303,00006127_000.png
304,00006138_004.png
305,00006138_007.png
306,00006147_000.png
307,00006149_001.png
308,00006160_013.png
309,00006177_000.png
310,00006180_000.png
311,00006189_002.png
312,00006208_006.png
313,00006211_000.png
314,00006212_003.png
315,00006214_000.png
316,00006214_003.png
317,00006214_007.png
318,00006214_009.png
319,00006215_000.png
320,00006230_004.png
321,00006232_000.png
322,00006243_000.png
323,00006246_000.png
324,00006271_060.png
325,00006275_003.png
326,00006277_002.png
327,00006280_000.png
328,00006296_000.png
329,00006305_000.png
330,00006391_005.png
331,00006439_000.png
332,00006467_000.png
333,00006499_001.png
334,00006522_000.png
335,00006523_000.png
336,00006627_000.png
337,00006671_000.png
338,00006691_000.png
339,00006697_007.png
340,00006699_002.png
341,00006709_000.png
342,00006757_000.png
343,00006760_000.png
344,00006763_003.png
345,00006823_000.png
346,00006825_000.png
347,00006843_000.png
348,00006855_000.png
349,00006861_000.png
350,00006865_000.png
351,00006891_000.png
352,00006897_000.png
353,00006904_009.png
354,00006948_020.png
355,00006968_000.png
356,00006981_001.png
357,00006984_000.png
358,00006989_000.png
359,00006990_001.png
360,00006993_000.png
361,00007004_000.png
362,00007034_037.png
363,00007034_063.png
364,00007034_064.png
365,00007040_001.png
366,00007041_000.png
367,00007048_000.png
368,00007049_000.png
369,00007056_000.png
370,00007076_002.png
371,00007078_000.png
372,00007131_001.png
373,00007145_000.png
374,00007156_000.png
375,00007165_000.png
376,00007174_001.png
377,00007188_006.png
378,00007209_000.png
379,00007217_001.png
380,00007233_003.png
381,00007234_000.png
382,00007245_000.png
383,00007247_000.png
384,00007258_000.png
385,00007313_000.png
386,00007335_000.png
387,00007442_013.png
388,00007471_002.png
389,00007497_002.png
390,00007583_002.png
391,00007588_002.png
392,00007684_002.png
393,00007684_004.png
394,00007765_001.png
395,00007780_004.png
396,00007951_002.png
397,00007979_001.png
398,00008072_001.png
399,00008297_005.png
400,00008470_009.png
401,00008499_002.png
402,00008645_002.png
403,00009034_004.png
404,00009232_002.png
405,00010352_002.png
406,00010352_004.png
407,00010352_006.png
408,00010352_007.png
409,00010352_010.png
410,00010352_039.png
411,00010530_024.png
412,00010531_044.png
413,00010625_023.png
414,00010640_000.png
415,00010698_049.png
416,00010775_000.png
417,00010808_008.png
418,00010829_000.png
419,00011074_001.png
420,00011322_006.png
421,00011702_034.png
422,00011723_039.png
423,00011963_001.png
424,00011978_000.png
425,00012139_000.png
426,00012241_002.png
427,00012314_003.png
428,00012403_000.png
429,00012524_000.png
430,00013360_000.png
431,00013539_000.png
432,00013615_051.png
433,00013993_014.png
434,00013993_015.png
435,00013993_016.png
436,00014174_004.png
437,00014174_005.png
438,00014208_005.png
439,00014211_003.png
440,00014223_006.png
441,00014223_008.png
442,00014223_009.png
443,00014223_011.png
444,00014223_012.png
445,00014380_003.png
446,00014397_002.png
447,00014397_003.png
448,00014419_001.png
449,00014426_000.png
450,00014486_003.png
451,00014545_001.png
452,00014549_000.png
453,00014712_000.png
454,00014716_009.png
455,00014769_000.png
456,00014939_001.png
457,00014989_000.png
458,00015449_003.png
459,00015530_044.png
460,00015530_050.png
461,00015530_126.png
462,00015530_141.png
463,00015572_000.png
464,00015626_000.png
465,00015831_012.png
466,00015844_001.png
467,00016786_010.png
468,00016987_017.png
469,00016987_018.png
470,00017123_004.png
471,00017123_005.png
472,00017138_111.png
473,00017325_001.png
474,00017735_002.png
475,00017835_031.png
476,00018224_010.png
477,00018317_003.png
478,00018739_023.png
479,00018802_006.png
480,00019373_056.png
481,00019407_002.png
482,00019492_003.png
483,00019521_002.png
484,00019576_063.png
485,00019664_000.png
486,00020390_002.png
487,00020434_009.png
488,00020434_010.png
489,00020852_022.png
490,00020933_002.png
491,00021131_005.png
492,00022295_001.png
493,00023328_000.png
494,00023329_000.png
495,00023336_000.png
496,00023344_000.png
497,00023570_000.png
498,00023604_003.png
499,00024210_000.png
500,00024879_000.png
501,00025277_001.png
502,00026725_006.png
503,00026982_004.png
504,00027784_006.png
505,00028661_000.png
506,00029025_000.png
507,00029222_003.png
508,00029585_000.png
509,00029654_001.png
510,00029745_001.png
511,00030079_066.png
512,00030323_019.png
513,00030323_020.png
514,00030323_022.png
515,00030374_001.png
516,00030408_001.png
517,00030798_000.png
518,00030805_000.png
